{
  "distanceThreshold": 0.6,
  "labeledDescriptors": [
    {
      "label": "admin",
      "descriptors": [
        [
          -0.05290323123335838,
          0.103232741355896,
          0.0692504271864891,
          -0.11288116872310638,
          -0.11327214539051056,
          -0.0017552231438457966,
          -0.10371392220258713,
          -0.08113338053226471,
          0.08403987437486649,
          -0.15708491206169128,
          0.25166863203048706,
          -0.021451910957694054,
          -0.18073655664920807,
          -0.04017011076211929,
          -0.06022214516997337,
          0.17354872822761536,
          -0.17418037354946136,
          -0.09355761855840683,
          -0.07650375366210938,
          -0.027090799063444138,
          0.09007783979177475,
          0.07215246558189392,
          -0.03848382830619812,
          -0.0009387369500473142,
          -0.047794442623853683,
          -0.26992982625961304,
          -0.07373300939798355,
          -0.02626226656138897,
          -0.0018372558988630772,
          -0.04610307142138481,
          -0.0836777612566948,
          -0.028848525136709213,
          -0.17340758442878723,
          -0.04688134789466858,
          0.06838048249483109,
          0.08181007951498032,
          -0.03740081563591957,
          -0.011524045839905739,
          0.14220204949378967,
          0.006932719144970179,
          -0.16924762725830078,
          0.08464643359184265,
          0.07227773219347,
          0.2139694094657898,
          0.21488717198371887,
          0.0582345612347126,
          0.018814142793416977,
          -0.1573309451341629,
          0.1511595994234085,
          -0.1539137214422226,
          0.023515518754720688,
          0.16332852840423584,
          0.18393942713737488,
          0.0829605981707573,
          0.02309858798980713,
          -0.1021164059638977,
          0.03140120580792427,
          0.11848834156990051,
          -0.043908845633268356,
          0.03709731623530388,
          0.14154909551143646,
          -0.05441403388977051,
          0.005958098918199539,
          -0.08132338523864746,
          0.24885375797748566,
          -0.0033673341386020184,
          -0.14177587628364563,
          -0.19394518435001373,
          0.1580153852701187,
          -0.08008033037185669,
          -0.1491493433713913,
          0.019685735926032066,
          -0.1674313098192215,
          -0.13583487272262573,
          -0.23155014216899872,
          0.027176087722182274,
          0.38658156991004944,
          0.1275811791419983,
          -0.24485112726688385,
          0.041381798684597015,
          -0.08720425516366959,
          0.020375659689307213,
          0.11259111016988754,
          0.10588305443525314,
          -0.016400860622525215,
          0.0032456717453897,
          -0.0711274966597557,
          0.0010655041551217437,
          0.2616938650608063,
          -0.08585517108440399,
          -0.0007093633757904172,
          0.20138777792453766,
          0.02651585265994072,
          0.11414240300655365,
          0.030509795993566513,
          -0.026495445519685745,
          -0.06861215084791183,
          0.03694899007678032,
          -0.148993581533432,
          0.002306619891896844,
          -0.03612562641501427,
          -0.07336360961198807,
          0.008800920099020004,
          0.15022867918014526,
          -0.12764722108840942,
          0.17001527547836304,
          -0.04692869260907173,
          0.07022999227046967,
          -0.00327007076703012,
          0.06607809662818909,
          -0.09559416025876999,
          -0.06396958231925964,
          0.1239435225725174,
          -0.16357623040676117,
          0.20707258582115173,
          0.16360943019390106,
          0.08432242274284363,
          0.06730607151985168,
          0.16289755702018738,
          0.12876518070697784,
          0.01878509670495987,
          0.01402951031923294,
          -0.21925942599773407,
          -0.07139161229133606,
          0.05875876545906067,
          -0.0449451245367527,
          0.09582382440567017,
          0.024053610861301422
        ]
      ]
    }
  ]
}